Al-Kitab Al-Asasi vol. 1,Lesson 1,https://www.youtube.com/watch?v=kQ0Mjg-Om94
Al-Kitab Al-Asasi vol. 1,Lesson 2,https://www.youtube.com/watch?v=z18x8QvIJ5s
Al-Kitab Al-Asasi vol. 1,Lesson 3,https://www.youtube.com/watch?v=GTF8aLVPASs
Al-Kitab Al-Asasi vol. 1,Lesson 4,https://www.youtube.com/watch?v=9ZnyA5j9Dqs
Al-Kitab Al-Asasi vol. 1,"Lesson 5, part a.",https://www.youtube.com/watch?v=G0AdU3x96Xg
Al-Kitab Al-Asasi vol. 1,Lesson 5 part b.,https://www.youtube.com/watch?v=YVlUrwJxUzA
Al-Kitab Al-Asasi vol. 1,Lesson 6,https://www.youtube.com/watch?v=9d8C_vxDIAA
Al-Kitab Al-Asasi vol. 1,Lesson 7,https://www.youtube.com/watch?v=4WqIfRSAW0A
Al-Kitab Al-Asasi vol. 1,Lesson 8,https://www.youtube.com/watch?v=uGMHppsoMH0
Al-Kitab Al-Asasi vol. 1,Lesson 9,https://www.youtube.com/watch?v=-m3DQVD9BA8
Al-Kitab Al-Asasi vol. 1,Lesson 10 part a.,https://www.youtube.com/watch?v=Evwr3JNP2aQ
Al-Kitab Al-Asasi vol. 1,Lesson 10 part b.,https://www.youtube.com/watch?v=oigSWp3QODk
Al-Kitab Al-Asasi vol. 1,Lesson 11,https://www.youtube.com/watch?v=s12ZYYmBp4A
Al-Kitab Al-Asasi vol. 1,Lesson 12,https://www.youtube.com/watch?v=mQn38GJtsMg
Al-Kitab Al-Asasi vol. 1,Lesson 13,https://www.youtube.com/watch?v=CrJoAy2F0B8
Al-Kitab Al-Asasi vol. 1,Lesson 15,https://www.youtube.com/watch?v=SXlrHPo2LmI
Al-Kitab Al-Asasi vol. 1,Lesson 16,https://www.youtube.com/watch?v=c8m8K9C7urY
Al-Kitab Al-Asasi vol. 1,Lesson 17,https://www.youtube.com/watch?v=gpoc7YVDawM
Al-Kitab Al-Asasi vol. 1,Lesson 18,https://www.youtube.com/watch?v=ZvNMXoj-u6w
Al-Kitab Al-Asasi vol. 1,Lesson 19,https://www.youtube.com/watch?v=mVNVrbsJZGE
Al-Kitab Al-Asasi vol. 1,Lesson 20,https://www.youtube.com/watch?v=6t7wc4cMjKA
Al-Kitab Al-Asasi vol. 1,Lesson 21,https://www.youtube.com/watch?v=_DX8uMoDTMM
Al-Kitab Al-Asasi vol. 1,Lesson 23,https://www.youtube.com/watch?v=iJ4jU316yTU
Al-Kitab Al-Asasi vol. 1,Lesson 24,https://www.youtube.com/watch?v=R8DjS0D1SD0
Al-Kitab Al-Asasi vol. 1,Lesson 24 part 2,https://www.youtube.com/watch?v=qVQZgtIDYf4
Al-Kitab Al-Asasi vol. 1,Lesson 25,https://www.youtube.com/watch?v=OXH55b69xN8
Qasasun Nabiyyin Vol. 1,Lesson 01,https://www.youtube.com/watch?v=JTh-w7vY8S4
Qasasun Nabiyyin Vol. 1,Lesson 02,https://www.youtube.com/watch?v=2S9NjWV5J34
Qasasun Nabiyyin Vol. 1,Lesson 03,https://www.youtube.com/watch?v=WM6kUwWwRDw
Qasasun Nabiyyin Vol. 1,Lesson 04,https://www.youtube.com/watch?v=DeHUYM3poU0
Qasasun Nabiyyin Vol. 1,Lesson 05,https://www.youtube.com/watch?v=2N4gjRhVhrk
Qasasun Nabiyyin Vol. 1,Lesson 06,https://www.youtube.com/watch?v=-A6hC5aYt-Q
Qasasun Nabiyyin Vol. 1,Lesson 07,https://www.youtube.com/watch?v=VjbKki2jSZ4
Qasasun Nabiyyin Vol. 1,Lesson 08,https://www.youtube.com/watch?v=TLxTpc3JIXg
Qasasun Nabiyyin Vol. 1,Lesson 09,https://www.youtube.com/watch?v=Tv6viEBoBqY
Qasasun Nabiyyin Vol. 1,Lesson 10,https://www.youtube.com/watch?v=6R3-Ehh_8aA
Qasasun Nabiyyin Vol. 1,Lesson 11,https://www.youtube.com/watch?v=2Bv7CeeM6BA
Qasasun Nabiyyin Vol. 1,Lesson 12,https://www.youtube.com/watch?v=BlE2a66STkI
Qasasun Nabiyyin Vol. 1,Lesson 13,https://www.youtube.com/watch?v=MYuR4WMOm-U
Qasasun Nabiyyin Vol. 1,Lesson 14,https://www.youtube.com/watch?v=M4IOh_XziBg
Qasasun Nabiyyin Vol. 1,Lesson 15,https://www.youtube.com/watch?v=l3HPQ6GTqac
Qasasun Nabiyyin Vol. 1,Lesson 16,https://www.youtube.com/watch?v=mkAJ5Z8Dck4
Qasasun Nabiyyin Vol. 1,Lesson 17,https://www.youtube.com/watch?v=L9nnt187j9A
Qasasun Nabiyyin Vol. 1,Lesson 18,https://www.youtube.com/watch?v=6DrP8GCQrCk
Qasasun Nabiyyin Vol. 1,Lesson 19,https://www.youtube.com/watch?v=vZH0qN-0pJo
Qasasun Nabiyyin Vol. 1,Lesson 20,https://www.youtube.com/watch?v=v6PyY6rYO3M
Qasasun Nabiyyin Vol. 1,Lesson 21,https://www.youtube.com/watch?v=VKFFo5YNGJE
Qasasun Nabiyyin Vol. 1,Lesson 22,https://www.youtube.com/watch?v=sDnmeg6ynQc
Qasasun Nabiyyin Vol. 1,Lesson 23,https://www.youtube.com/watch?v=4w69shgzAzI
Qasasun Nabiyyin Vol. 1,Lesson 24,https://www.youtube.com/watch?v=G7U_eZgAagk
Qasasun Nabiyyin Vol. 1,Lesson 25,https://www.youtube.com/watch?v=ToogSAwwKpo
Qasasun Nabiyyin Vol. 1,Lesson 26,https://www.youtube.com/watch?v=rkqOpHX2OY8
Qasasun Nabiyyin Vol. 1,Lesson 27,https://www.youtube.com/watch?v=Ys8zaxMsDiM
Qasasun Nabiyyin Vol. 1,Lesson 28,https://www.youtube.com/watch?v=Ai1jKWHslZY
Qasasun Nabiyyin Vol. 1,Lesson 29,https://www.youtube.com/watch?v=jtcSLVCafeM
Qasasun Nabiyyin Vol. 1,Lesson 30,https://www.youtube.com/watch?v=bop03wvPPf0
Qasasun Nabiyyin Vol. 1,Lesson 31,https://www.youtube.com/watch?v=ysHCcuFMPps
Qasasun Nabiyyin Vol. 1,Lesson 32,https://www.youtube.com/watch?v=XYpH9YgCJj0
Qasasun Nabiyyin Vol. 1,Lesson 33,https://www.youtube.com/watch?v=MK9fSG0yAhg
Qasasun Nabiyyin Vol. 1,Lesson 34,https://www.youtube.com/watch?v=RUtW4QlPJZo
Qasasun Nabiyyin Vol. 1,Lesson 35,https://www.youtube.com/watch?v=qRStpZpJXKk
Qasasun Nabiyyin Vol. 1,Lesson 36,https://www.youtube.com/watch?v=m9S28tRBsnY
Qasasun Nabiyyin Vol. 1,Lesson 37,https://www.youtube.com/watch?v=dK6jVgmmPK8
Qasasun Nabiyyin Vol. 1,Lesson 38,https://www.youtube.com/watch?v=kqi57wf8Y5g
Qasasun Nabiyyin Vol. 1,Lesson 39,https://www.youtube.com/watch?v=R4F9uSRLtd0
Qasasun Nabiyyin Vol. 1,Lesson 40,https://www.youtube.com/watch?v=B7Ibp6tNhS0
Qasasun Nabiyyin Vol. 1,Lesson 41,https://www.youtube.com/watch?v=xT7v-p5o4Zg
Qasasun Nabiyyin Vol. 1,Lesson 42,https://www.youtube.com/watch?v=NQPpMGllIis
Qasasun Nabiyyin Vol. 1,Lesson 43,https://www.youtube.com/watch?v=Sn0xl1pLOxc
Qasasun Nabiyyin Vol. 1,Lesson 44,https://www.youtube.com/watch?v=PL5RGC0dsRg
Qasasun Nabiyyin Vol. 1,Lesson 45,https://www.youtube.com/watch?v=pEbIGgAidPg
Qasasun Nabiyyin Vol. 1,Lesson 46,https://www.youtube.com/watch?v=HJmQ5_X6S_M
Qasasun Nabiyyin Vol. 1,Lesson 47,https://www.youtube.com/watch?v=6WOcVDZ8jLo
Qasasun Nabiyyin Vol. 1,Lesson 48,https://www.youtube.com/watch?v=hntaCGOcBjg
Qasasun Nabiyyin Vol. 1,Lesson 49,https://www.youtube.com/watch?v=zXbNVI8xlLY
Qasasun Nabiyyin Vol. 1,Lesson 50,https://www.youtube.com/watch?v=ldNPdxi5Jfg
Qasasun Nabiyyin Vol. 1,Lesson 50 PART 02,https://www.youtube.com/watch?v=ehmctVICKEc
Qasasun Nabiyyin Vol. 1,Lesson 51,https://www.youtube.com/watch?v=fzkGrnaAeBE
Qasasun Nabiyyin Vol. 1,Lesson 52,https://www.youtube.com/watch?v=73TbZ6aEC3I
Qasasun Nabiyyin Vol. 1,Lesson 53,https://www.youtube.com/watch?v=uRrIlE6wuzs
Qasasun Nabiyyin Vol. 1,Lesson 54,https://www.youtube.com/watch?v=e3Oo8pZvwmE
Qasasun Nabiyyin Vol. 1,Lesson 55,https://www.youtube.com/watch?v=jBLfRbk9t6I
Qasasun Nabiyyin Vol. 1,Lesson 56,https://www.youtube.com/watch?v=i80Ycoe9St4
Qasasun Nabiyyin Vol. 1,Lesson 57,https://www.youtube.com/watch?v=cYyHOo-zjlY
Qasasun Nabiyyin Vol. 1,Lesson 58,https://www.youtube.com/watch?v=2799zr48zuI
Qasasun Nabiyyin Vol. 1,Lesson 59,https://www.youtube.com/watch?v=0vPF-jgGEsA
Qasasun Nabiyyin Vol. 1,Lesson 60,https://www.youtube.com/watch?v=sXUzR5-JUVA
Qasasun Nabiyyin Vol. 1,Lesson 61,https://www.youtube.com/watch?v=Hwzb5q-9gn4
Qasasun Nabiyyin Vol. 1,Lesson 62,https://www.youtube.com/watch?v=6lkiW7xylfo
Qasasun Nabiyyin Vol. 1,Lesson 63,https://www.youtube.com/watch?v=4bmBru1p9wU
Qasasun Nabiyyin Vol. 1,Lesson 64,https://www.youtube.com/watch?v=rygEYc_tTsM
Qasasun Nabiyyin Vol. 1,Lesson 65,https://www.youtube.com/watch?v=LQRYFEgJnG4
Qasasun Nabiyyin Vol. 1,Lesson 66,https://www.youtube.com/watch?v=vJWndWPYp_8
Qasasun Nabiyyin Vol. 1,Lesson 67,https://www.youtube.com/watch?v=ACU0ekCGPJM
Qasasun Nabiyyin Vol. 1,Lesson 68,https://www.youtube.com/watch?v=oVzFumIJTN8
Qasasun Nabiyyin Vol. 1,Lesson 69,https://www.youtube.com/watch?v=DDJCzwaexl4
Qasasun Nabiyyin Vol. 1,Lesson 70,https://www.youtube.com/watch?v=8Gd-_K13TGo
Qasasun Nabiyyin Vol. 1,Lesson 71,https://www.youtube.com/watch?v=SFRFvBgkdMU
Qasasun Nabiyyin Vol. 1,Lesson 72,https://www.youtube.com/watch?v=2f6wkeX5jVg
Qasasun Nabiyyin Vol. 1,Lesson 73,https://www.youtube.com/watch?v=37lkt5IvVXo
Qasasun Nabiyyin Vol. 1,Lesson 74,https://www.youtube.com/watch?v=bXMciQpKUfE
Qasasun Nabiyyin Vol. 1,Lesson 75,https://www.youtube.com/watch?v=pFHPUvjrKcY
Qasasun Nabiyyin Vol. 1,Lesson 76,https://www.youtube.com/watch?v=qw4L1w0fY-w
Qasasun Nabiyyin Vol. 1,Lesson 77,https://www.youtube.com/watch?v=8zdO6Oi1Qq8
Qasasun Nabiyyin Vol. 1,Lesson 78,https://www.youtube.com/watch?v=jMWhs3thdW8
Qasasun Nabiyyin Vol. 1,Lesson 79,https://www.youtube.com/watch?v=BaR6MdXGIPg
Qasasun Nabiyyin Vol. 1,Lesson 80,https://www.youtube.com/watch?v=qdd4fOv0bXo
Qasasun Nabiyyin Vol. 1,Lesson 82,https://www.youtube.com/watch?v=QphPDG7dCHw
Qasasun Nabiyyin Vol. 1,Lesson 83,https://www.youtube.com/watch?v=zRJbG4rmit0
Qasasun Nabiyyin Vol. 1,Lesson 84,https://www.youtube.com/watch?v=7pLYBPsU-Pg
Qasasun Nabiyyin Vol. 1,Lesson 85,https://www.youtube.com/watch?v=xufqI240wg0
Qasasun Nabiyyin Vol. 1,Lesson 86,https://www.youtube.com/watch?v=k9OxQMz5P0w
Qasasun Nabiyyin Vol. 1,Lesson 87,https://www.youtube.com/watch?v=3wKCNjR1LH4
Qasasun Nabiyyin Vol. 1,Lesson 88,https://www.youtube.com/watch?v=mthscLA8A6E
Qasasun Nabiyyin Vol. 1,Lesson 89,https://www.youtube.com/watch?v=53BQ3QUFmpQ
Qasasun Nabiyyin Vol. 1,Lesson 90,https://www.youtube.com/watch?v=8iQ_gKe3KAw
Qasasun Nabiyyin Vol. 1,Lesson 91,https://www.youtube.com/watch?v=DVCVIZSjZpA
Qasasun Nabiyyin Vol. 1,Lesson 81,https://www.youtube.com/watch?v=BS7rPB45pYI
Qasasun Nabiyyin Vol. 1,Lesson 92,https://www.youtube.com/watch?v=EJaVJPRAbMY
Qasasun Nabiyyin Vol. 1,Lesson 93,https://www.youtube.com/watch?v=Omc8nJz04sc
Qasasun Nabiyyin Vol. 1,Lesson 94,https://www.youtube.com/watch?v=_BPNxgwMWKY
Qasasun Nabiyyin Vol. 1,Lesson 95,https://www.youtube.com/watch?v=a5amw5ZlM9o
Qasasun Nabiyyin Vol. 1,Lesson 96,https://www.youtube.com/watch?v=ZV_tT3A8j_U
Qasasun Nabiyyin Vol. 1,Lesson 97,https://www.youtube.com/watch?v=CYqLd48Tm40
Qasasun Nabiyyin Vol. 1,Lesson 98,https://www.youtube.com/watch?v=VJg6Dj6Stlg
Qasasun Nabiyyin Vol. 1,Lesson 99,https://www.youtube.com/watch?v=cxlQFQVS6lU
Qasasun Nabiyyin Vol. 1,Lesson 100,https://www.youtube.com/watch?v=qVqUBwyKAHs
Qasasun Nabiyyin Vol. 1,Lesson 101,https://www.youtube.com/watch?v=hQv_bWwv7t4
Qasasun Nabiyyin Vol. 1,Lesson 102,https://www.youtube.com/watch?v=YXoPy9yB7aA
Qasasun Nabiyyin Vol. 1,Lesson 103,https://www.youtube.com/watch?v=vpBSkFXtcu4
Qasasun Nabiyyin Vol. 1,Lesson 104,https://www.youtube.com/watch?v=foNYz5-ODkE
Eso Arbi Shikhi Vol. 1,"01. Chapter 1, Lesson 1, পর্বঃ০১",https://www.youtube.com/watch?v=SR-rQABkK-Y
Eso Arbi Shikhi Vol. 1,"02. Chapter 1, Lesson 1, পর্বঃ ০২",https://www.youtube.com/watch?v=mS2s4xLiEgM
Eso Arbi Shikhi Vol. 1,"03. Chapter 1, Lesson 2, পর্বঃ ০১",https://www.youtube.com/watch?v=VyHwUCAAt7o
Eso Arbi Shikhi Vol. 1,"04. Chapter 1, Lesson 3, পর্বঃ০১",https://www.youtube.com/watch?v=W9pLD4CnJE8
Eso Arbi Shikhi Vol. 1,"05. Chapter 1, Lesson 3, পর্বঃ০২",https://www.youtube.com/watch?v=yZtAoIAv8hM
Eso Arbi Shikhi Vol. 1,"06. Chapter 1, Lesson 4, পর্বঃ ০১",https://www.youtube.com/watch?v=JBXd2d6oJBY
Eso Arbi Shikhi Vol. 1,"07. Chapter 1, Lesson 4, পর্বঃ ০২",https://www.youtube.com/watch?v=3s1e9vIHHKc
Eso Arbi Shikhi Vol. 1,"08. Chapter 1, Lesson 5, পর্বঃ০১",https://www.youtube.com/watch?v=Nb3pSkZWfq4
Eso Arbi Shikhi Vol. 1,"09. Chapter 1, Lesson 5, পর্বঃ০২",https://www.youtube.com/watch?v=7CgiXqgwHro
Eso Arbi Shikhi Vol. 1,"10. Chapter 1, Lesson 5, পর্বঃ০৩",https://www.youtube.com/watch?v=fYpVgEoK0Rs
Eso Arbi Shikhi Vol. 1,"11. Chapter 1, Lesson 6, পর্বঃ০১",https://www.youtube.com/watch?v=ifbLIEedNmk
Eso Arbi Shikhi Vol. 1,"12. Chapter 1, Lesson 6, পর্বঃ ০২",https://www.youtube.com/watch?v=_c2CfkbVfQ8
Eso Arbi Shikhi Vol. 1,"13. Chapter 1, Lesson 7, পর্বঃ ০১",https://www.youtube.com/watch?v=W-5MPn_rWRA
Eso Arbi Shikhi Vol. 1,"14. Chapter 1, Lesson 7, পর্বঃ ০২",https://www.youtube.com/watch?v=jX5T6Jb1B8s
Eso Arbi Shikhi Vol. 1,"15. Chapter 1, Lesson 8, পর্বঃ ০১",https://www.youtube.com/watch?v=0lcS9oF1sXo
Eso Arbi Shikhi Vol. 1,"16. Chapter 1, Lesson 9, পর্বঃ ০১",https://www.youtube.com/watch?v=4s6WT4C_dpI
Eso Arbi Shikhi Vol. 1,"17. Chapter 2, Lesson 1, পর্বঃ ০১",https://www.youtube.com/watch?v=eAxQpk57pNI
Eso Arbi Shikhi Vol. 1,"18. Chapter 2, Lesson 1, পর্বঃ ০২",https://www.youtube.com/watch?v=ZU0YaPucm-s
Eso Arbi Shikhi Vol. 1,"19. Chapter 2, Lesson 2, পর্বঃ ০১",https://www.youtube.com/watch?v=RQaWO7rC1d0
Eso Arbi Shikhi Vol. 1,"20. Chapter 2, Lesson 3, পর্বঃ ০১",https://www.youtube.com/watch?v=x2wBT_sXvbg
Eso Arbi Shikhi Vol. 1,"21. Chapter 2, Lesson 3, পর্বঃ ০২",https://www.youtube.com/watch?v=GOXfCmGIKtM
Eso Arbi Shikhi Vol. 1,"22. Chapter 2, Lesson 4, পর্বঃ ০১",https://www.youtube.com/watch?v=tgRD8ZGViQ8
Eso Arbi Shikhi Vol. 1,"23. Chapter 2, Lesson 4, পর্বঃ ০২",https://www.youtube.com/watch?v=1xswYum510g
Eso Arbi Shikhi Vol. 1,"24. Chapter 2, Lesson 5, পর্বঃ ০১",https://www.youtube.com/watch?v=QCzUc8WDjQY
Eso Arbi Shikhi Vol. 1,"25. Chapter 2, Lesson 6, পর্বঃ ০১",https://www.youtube.com/watch?v=gmvrdp2Zrao
Eso Arbi Shikhi Vol. 1,"26. Chapter 2, Lesson 7, পর্বঃ ০১",https://www.youtube.com/watch?v=iaK3_jRtqMw
Eso Arbi Shikhi Vol. 1,"28. Chapter 3, Lesson 1, পর্বঃ ০১",https://www.youtube.com/watch?v=ZcP8tvwR85Q
Eso Arbi Shikhi Vol. 1,"27. Chapter 2, Lesson 8, পর্বঃ ০১",https://www.youtube.com/watch?v=3YSfjW3hYpg
Eso Arbi Shikhi Vol. 1,"29. Chapter 3, Lesson 2, পর্বঃ ০১",https://www.youtube.com/watch?v=ILSRVol-tDA
Eso Arbi Shikhi Vol. 1,"30. Chapter 3, Lesson 3, পর্বঃ ০১",https://www.youtube.com/watch?v=30QVKv1V8zk
Eso Arbi Shikhi Vol. 2,"31. Chapter 1, Lesson 1, পর্বঃ ০১",https://www.youtube.com/watch?v=EAjp10NB500
Eso Arbi Shikhi Vol. 2,"32. Chapter 1, Lesson 1, পর্বঃ ০২",https://www.youtube.com/watch?v=w4O22eERP3o
Eso Arbi Shikhi Vol. 2,"33. Chapter 1, Lesson 1, পর্বঃ ০৩",https://www.youtube.com/watch?v=6H2rhBz04IA
Eso Arbi Shikhi Vol. 2,"34. Chapter 1, Lesson 2, পর্বঃ ০১",https://www.youtube.com/watch?v=feqflc5TU_o
Eso Arbi Shikhi Vol. 2,"35. Chapter 1, Lesson 3, পর্বঃ ০১",https://www.youtube.com/watch?v=SpN-y3MfgaM
Eso Arbi Shikhi Vol. 2,"36. Chapter 1, Lesson 4, পর্বঃ ০১",https://www.youtube.com/watch?v=7xr5Mca1kK0
Eso Arbi Shikhi Vol. 2,"37. Chapter 1, Lesson 5, পর্বঃ ০১",https://www.youtube.com/watch?v=D6KwO5c3ues
Eso Arbi Shikhi Vol. 2,"38. Chapter 1, Lesson 6, পর্বঃ ০১",https://www.youtube.com/watch?v=MIqTp9zRunA
Eso Arbi Shikhi Vol. 2,"39. Chapter 1, Lesson 7, পর্বঃ ০১",https://www.youtube.com/watch?v=hVDbSVoMIGU
Eso Arbi Shikhi Vol. 2,"40. Chapter 1, Lesson 8, পর্বঃ ০১",https://www.youtube.com/watch?v=pvFii7wNKyA
Eso Arbi Shikhi Vol. 2,"41. Chapter 1, Lesson 9, পর্বঃ ০১",https://www.youtube.com/watch?v=vY8GYBasY2A
Eso Arbi Shikhi Vol. 2,"42. Chapter 1, Lesson 10, পর্বঃ ০১",https://www.youtube.com/watch?v=FqlZfDsmhsw
Eso Arbi Shikhi Vol. 2,"43. Chapter 1, Lesson 11, পর্বঃ ০১",https://www.youtube.com/watch?v=eIZMACDHrGY
Eso Arbi Shikhi Vol. 2,"44. Chapter 1, Lesson 12, পর্বঃ ০১",https://www.youtube.com/watch?v=cG32Onf1EeI
Eso Arbi Shikhi Vol. 2,"45. Chapter 1, Lesson 13, পর্বঃ ০১",https://www.youtube.com/watch?v=-Hjy4ts1rnM
Eso Arbi Shikhi Vol. 2,"46. Chapter 1, Lesson 14, পর্বঃ ০১",https://www.youtube.com/watch?v=O16O9VZmASY
Eso Arbi Shikhi Vol. 2,"47. Chapter 1, Lesson 15, পর্বঃ ০১",https://www.youtube.com/watch?v=88Xn02DHaKE
Eso Arbi Shikhi Vol. 2,"48. Chapter 1, Lesson 16, পর্বঃ ০১",https://www.youtube.com/watch?v=hfcjQwn0Vz0
Eso Arbi Shikhi Vol. 2,"49. Chapter 1, Lesson 17, পর্বঃ ০১",https://www.youtube.com/watch?v=Srf1urGfx8k
Eso Arbi Shikhi Vol. 2,"50. Chapter 1, Lesson 18, পর্বঃ ০১",https://www.youtube.com/watch?v=8nwb6q4Rjs0
Eso Arbi Shikhi Vol. 2,"51. Chapter 1, Lesson 19, পর্বঃ ০১",https://www.youtube.com/watch?v=3GP7CCAyPCQ
Eso Arbi Shikhi Vol. 2,"52. Chapter 1, Lesson 20, পর্বঃ ০১",https://www.youtube.com/watch?v=GztaM24zCjI
Eso Arbi Shikhi Vol. 2,"53. Chapter 1, Lesson 21, পর্বঃ ০১",https://www.youtube.com/watch?v=A61NN1Ybnh4
Eso Arbi Shikhi Vol. 2,"54. Chapter 2, Lesson 1, পর্বঃ ০১",https://www.youtube.com/watch?v=hk7K43DHVdk
Eso Arbi Shikhi Vol. 2,"55. Chapter 2, Lesson 2, পর্বঃ ০১",https://www.youtube.com/watch?v=w05RYJOA7sQ
Eso Arbi Shikhi Vol. 2,"56. Chapter 2, Lesson 3, পর্বঃ ০১",https://www.youtube.com/watch?v=u2uOXLTfQ8M
Eso Arbi Shikhi Vol. 2,"57. Chapter 2, Lesson 4, পর্বঃ ০১",https://www.youtube.com/watch?v=EU9Ojq5jn4s
Eso Arbi Shikhi Vol. 2,"58. Chapter 2, Lesson 5, পর্বঃ ০১",https://www.youtube.com/watch?v=RBWBQCyxOJI
Eso Arbi Shikhi Vol. 2,"59. Chapter 2, Lesson 6, পর্বঃ ০১",https://www.youtube.com/watch?v=jUQaOM-QMI8
Eso Arbi Shikhi Vol. 2,"61. Chapter 2, Lesson 8, পর্বঃ ০১",https://www.youtube.com/watch?v=hpbTBKWJP5M
Eso Arbi Shikhi Vol. 2,"60. Chapter 2, Lesson 7, পর্বঃ ০১",https://www.youtube.com/watch?v=hbSDLOpwfvU
Eso Arbi Shikhi Vol. 2,"62. Chapter 2, Lesson 9, পর্বঃ ০১",https://www.youtube.com/watch?v=xgW2eyRAs58
Eso Arbi Shikhi Vol. 2,"63. Chapter 3, Lesson 1, পর্বঃ ০১",https://www.youtube.com/watch?v=2So9n-Lq2jI
Eso Arbi Shikhi Vol. 2,"64. Chapter 3, Lesson 2, পর্বঃ ০১",https://www.youtube.com/watch?v=WzRFdtc8iU8
Eso Arbi Shikhi Vol. 2,"65. Chapter 3, Lesson 3, পর্বঃ ০১",https://www.youtube.com/watch?v=HykpDazS3b0
Eso Arbi Shikhi Vol. 3,"Chapter 1, Lesson 1",https://www.youtube.com/watch?v=vGLpsl0MWNk
Eso Arbi Shikhi Vol. 3,"Chapter 1, Lesson 2",https://www.youtube.com/watch?v=W08lqxvJ5tI
Eso Arbi Shikhi Vol. 3,"Chapter 1, Lesson 3 ১ম পর্ব",https://www.youtube.com/watch?v=XjPqNaS_l-k
Eso Arbi Shikhi Vol. 3,"Chapter 1, Lesson 3 ২য় পর্ব",https://www.youtube.com/watch?v=yEm5zCkgGwc
Eso Arbi Shikhi Vol. 3,"Chapter 1, Lesson 4",https://www.youtube.com/watch?v=7yBe36sOdp8
Eso Arbi Shikhi Vol. 3,"Chapter 1, Lesson 5 ১ম পর্ব",https://www.youtube.com/watch?v=DiKWtOw34qI
Eso Arbi Shikhi Vol. 3,"Chapter 1, Lesson 5 ২য় পর্ব",https://www.youtube.com/watch?v=Ld3JBvT9Ipw
Eso Arbi Shikhi Vol. 3,"Chapter 1, Lesson 6",https://www.youtube.com/watch?v=AZkSoP5XRio
Eso Arbi Shikhi Vol. 3,"Chapter 1, Lesson 7",https://www.youtube.com/watch?v=zG6UcJ7VJdU
Eso Arbi Shikhi Vol. 3,"Chapter 1, Lesson 8",https://www.youtube.com/watch?v=WF8ir6_ToG8
Eso Arbi Shikhi Vol. 3,"Chapter 1, Lesson 9",https://www.youtube.com/watch?v=TmO45TJv0bA
Eso Arbi Shikhi Vol. 3,"Chapter 2, Lesson 1",https://www.youtube.com/watch?v=Wm8W0lxfNt0
Eso Arbi Shikhi Vol. 3,"Chapter 2, Lesson 2",https://www.youtube.com/watch?v=kHE2l54YYjg
Eso Arbi Shikhi Vol. 3,"Chapter 2, Lesson 3",https://www.youtube.com/watch?v=HTVYWzaQ73s
Eso Arbi Shikhi Vol. 3,"Chapter 2, Lesson 4",https://www.youtube.com/watch?v=KF0-lQp9Gk8
Eso Arbi Shikhi Vol. 3,"Chapter 2, Lesson 5",https://www.youtube.com/watch?v=t4RZmq3VzmA
Eso Arbi Shikhi Vol. 3,"Chapter 2, Lesson 6",https://www.youtube.com/watch?v=pzZeb2FNZsY
Eso Arbi Shikhi Vol. 3,"Chapter 2, Lesson 7",https://www.youtube.com/watch?v=VqZtzGw1mOM
Eso Arbi Shikhi Vol. 3,"Chapter 2, Lesson 8",https://www.youtube.com/watch?v=d7SFg4f2rI4
Eso Arbi Shikhi Vol. 3,"Chapter 3, Lesson 1 ১ম পর্ব",https://www.youtube.com/watch?v=DeGetyd_FR8
Eso Arbi Shikhi Vol. 3,"Chapter 3, Lesson 1 ২য় পর্ব",https://www.youtube.com/watch?v=GknkZ2YB4IU
Eso Arbi Shikhi Vol. 3,"Chapter 3, Lesson 2",https://www.youtube.com/watch?v=PmmOXPUwggM
Eso Arbi Shikhi Vol. 3,"Chapter 3, Lesson 3",https://www.youtube.com/watch?v=9hCN9TWC7qE
Eso Arbi Shikhi Vol. 3,"Chapter 3, Lesson 4",https://www.youtube.com/watch?v=H_Ldxd6LU0U
Eso Arbi Shikhi Vol. 3,"Chapter 3, Lesson 5",https://www.youtube.com/watch?v=EMIyfhKiDFI
Eso Arbi Shikhi Vol. 3,"Chapter 4, Lesson 6 & 7",https://www.youtube.com/watch?v=IMILrh7Dq1Q
Eso Arbi Shikhi Vol. 3,"Chapter 4, Lesson 1",https://www.youtube.com/watch?v=WWT1mtjYmPM
Eso Arbi Shikhi Vol. 3,"Chapter 4, Lesson 2",https://www.youtube.com/watch?v=ZP-DgNxtaso